Escalation_ID,Condition_Type,Parameter
ESC01,account_takeover,true
ESC02,data_exposure,true
ESC03,physical_harm,true
ESC04,legal_demand,true
ESC05,high_value_refund,150000
ESC06,reopened_count,3
ESC07,record_conflict,true
ESC08,fraud,true
ESC09,high_value_duplicate,50000
ESC10,identity_verification_failed,true
ESC11,prompt_injection,true
ESC12,secret_request,true
ESC13,delivered_not_received,true
ESC14,damage_final_sale,true
ESC15,refund_overdue,true
ESC16,multiple_departments,2
ESC17,priority_flag,true
ESC18,chargeback,true
ESC19,unauthorized_email,true
ESC20,sensitive_attachment,true
ESC21,safety_defect,true
ESC22,technical_outage,true
ESC23,policy_conflict,true
ESC24,policy_exception,true
ESC25,security_verification_failed,true
ESC26,refund_destination_change,true
ESC27,courier_conflict,true
ESC28,near_duplicate_count,2
ESC29,legal_hold_deletion,true
ESC30,unauthorized_refund,true