Rule_ID,Category,Subcategory,Condition,Action,Responsible_Department,Priority,SLA_Hours
RR-001,Orders & Checkout,Order cancellation,Complaint is classified as Order cancellation and required identifiers are present.,Route to Order Operations; acknowledge the complaint and collect missing evidence.,Order Operations,Standard,24
RR-002,Orders & Checkout,Order cancellation,Order cancellation is confirmed and the customer passed required verification.,"Apply the relevant SOP, document the decision, and notify the customer.",Order Operations,Standard,24
RR-003,Orders & Checkout,Order cancellation,Order cancellation is supported by order/payment/tracking evidence.,Verify the record in the relevant system before approving any adjustment.,Order Operations,Standard,24
RR-004,Orders & Checkout,Order cancellation,No mandatory escalation condition is present for this case.,Resolve under standard authority limits; escalate if evidence conflicts.,Order Operations,Standard,24
RR-005,Orders & Checkout,Order cancellation,The applicable SOP for Order cancellation is active and the case is within its scope.,Close only after the required action and customer-facing explanation are recorded.,Order Operations,Review,24
RR-006,Orders & Checkout,Order modification,Complaint is classified as Order modification and required identifiers are present.,Route to Order Operations; acknowledge the complaint and collect missing evidence.,Order Operations,Standard,24
RR-007,Orders & Checkout,Order modification,Order modification is confirmed and the customer passed required verification.,"Apply the relevant SOP, document the decision, and notify the customer.",Order Operations,Standard,24
RR-008,Orders & Checkout,Order modification,Order modification is supported by order/payment/tracking evidence.,Verify the record in the relevant system before approving any adjustment.,Order Operations,Standard,24
RR-009,Orders & Checkout,Order modification,No mandatory escalation condition is present for this case.,Resolve under standard authority limits; escalate if evidence conflicts.,Order Operations,Standard,24
RR-010,Orders & Checkout,Order modification,The applicable SOP for Order modification is active and the case is within its scope.,Close only after the required action and customer-facing explanation are recorded.,Order Operations,Review,24
RR-011,Orders & Checkout,Checkout failure,Complaint is classified as Checkout failure and required identifiers are present.,Route to Technical Support; acknowledge the complaint and collect missing evidence.,Technical Support,Standard,24
RR-012,Orders & Checkout,Checkout failure,Checkout failure is confirmed and the customer passed required verification.,"Apply the relevant SOP, document the decision, and notify the customer.",Technical Support,Standard,24
RR-013,Orders & Checkout,Checkout failure,Checkout failure is supported by order/payment/tracking evidence.,Verify the record in the relevant system before approving any adjustment.,Technical Support,Standard,24
RR-014,Orders & Checkout,Checkout failure,No mandatory escalation condition is present for this case.,Resolve under standard authority limits; escalate if evidence conflicts.,Technical Support,Standard,24
RR-015,Orders & Checkout,Checkout failure,The applicable SOP for Checkout failure is active and the case is within its scope.,Close only after the required action and customer-facing explanation are recorded.,Technical Support,Review,24
RR-016,Payments & Billing,Payment declined,Complaint is classified as Payment declined and required identifiers are present.,Route to Payments & Finance; acknowledge the complaint and collect missing evidence.,Payments & Finance,Standard,24
RR-017,Payments & Billing,Payment declined,Payment declined is confirmed and the customer passed required verification.,"Apply the relevant SOP, document the decision, and notify the customer.",Payments & Finance,Standard,24
RR-018,Payments & Billing,Payment declined,Payment declined is supported by order/payment/tracking evidence.,Verify the record in the relevant system before approving any adjustment.,Payments & Finance,Standard,24
RR-019,Payments & Billing,Payment declined,No mandatory escalation condition is present for this case.,Resolve under standard authority limits; escalate if evidence conflicts.,Payments & Finance,Standard,24
RR-020,Payments & Billing,Payment declined,The applicable SOP for Payment declined is active and the case is within its scope.,Close only after the required action and customer-facing explanation are recorded.,Payments & Finance,Review,24
RR-021,Payments & Billing,Duplicate charge,Complaint is classified as Duplicate charge and required identifiers are present.,Route to Payments & Finance; acknowledge the complaint and collect missing evidence.,Payments & Finance,Standard,24
RR-022,Payments & Billing,Duplicate charge,Duplicate charge is confirmed and the customer passed required verification.,"Apply the relevant SOP, document the decision, and notify the customer.",Payments & Finance,Standard,24
RR-023,Payments & Billing,Duplicate charge,Duplicate charge is supported by order/payment/tracking evidence.,Verify the record in the relevant system before approving any adjustment.,Payments & Finance,Standard,24
RR-024,Payments & Billing,Duplicate charge,No mandatory escalation condition is present for this case.,Resolve under standard authority limits; escalate if evidence conflicts.,Payments & Finance,Standard,24
RR-025,Payments & Billing,Duplicate charge,The applicable SOP for Duplicate charge is active and the case is within its scope.,Close only after the required action and customer-facing explanation are recorded.,Payments & Finance,Review,24
RR-026,Payments & Billing,Invoice/tax issue,Complaint is classified as Invoice/tax issue and required identifiers are present.,Route to Payments & Finance; acknowledge the complaint and collect missing evidence.,Payments & Finance,Standard,24
RR-027,Payments & Billing,Invoice/tax issue,Invoice/tax issue is confirmed and the customer passed required verification.,"Apply the relevant SOP, document the decision, and notify the customer.",Payments & Finance,Standard,24
RR-028,Payments & Billing,Invoice/tax issue,Invoice/tax issue is supported by order/payment/tracking evidence.,Verify the record in the relevant system before approving any adjustment.,Payments & Finance,Standard,24
RR-029,Payments & Billing,Invoice/tax issue,No mandatory escalation condition is present for this case.,Resolve under standard authority limits; escalate if evidence conflicts.,Payments & Finance,Standard,24
RR-030,Payments & Billing,Invoice/tax issue,The applicable SOP for Invoice/tax issue is active and the case is within its scope.,Close only after the required action and customer-facing explanation are recorded.,Payments & Finance,Review,24
RR-031,Delivery & Logistics,Late delivery,Complaint is classified as Late delivery and required identifiers are present.,Route to Logistics; acknowledge the complaint and collect missing evidence.,Logistics,Standard,24
RR-032,Delivery & Logistics,Late delivery,Late delivery is confirmed and the customer passed required verification.,"Apply the relevant SOP, document the decision, and notify the customer.",Logistics,Standard,24
RR-033,Delivery & Logistics,Late delivery,Late delivery is supported by order/payment/tracking evidence.,Verify the record in the relevant system before approving any adjustment.,Logistics,Standard,24
RR-034,Delivery & Logistics,Late delivery,No mandatory escalation condition is present for this case.,Resolve under standard authority limits; escalate if evidence conflicts.,Logistics,Standard,24
RR-035,Delivery & Logistics,Late delivery,The applicable SOP for Late delivery is active and the case is within its scope.,Close only after the required action and customer-facing explanation are recorded.,Logistics,Review,24
RR-036,Delivery & Logistics,Wrong delivery address,Complaint is classified as Wrong delivery address and required identifiers are present.,Route to Logistics; acknowledge the complaint and collect missing evidence.,Logistics,Standard,24
RR-037,Delivery & Logistics,Wrong delivery address,Wrong delivery address is confirmed and the customer passed required verification.,"Apply the relevant SOP, document the decision, and notify the customer.",Logistics,Standard,24
RR-038,Delivery & Logistics,Wrong delivery address,Wrong delivery address is supported by order/payment/tracking evidence.,Verify the record in the relevant system before approving any adjustment.,Logistics,Standard,24
RR-039,Delivery & Logistics,Wrong delivery address,No mandatory escalation condition is present for this case.,Resolve under standard authority limits; escalate if evidence conflicts.,Logistics,Standard,24
RR-040,Delivery & Logistics,Wrong delivery address,The applicable SOP for Wrong delivery address is active and the case is within its scope.,Close only after the required action and customer-facing explanation are recorded.,Logistics,Review,24
RR-041,Delivery & Logistics,Damaged parcel,Complaint is classified as Damaged parcel and required identifiers are present.,Route to Returns & Quality; acknowledge the complaint and collect missing evidence.,Returns & Quality,Standard,24
RR-042,Delivery & Logistics,Damaged parcel,Damaged parcel is confirmed and the customer passed required verification.,"Apply the relevant SOP, document the decision, and notify the customer.",Returns & Quality,Standard,24
RR-043,Delivery & Logistics,Damaged parcel,Damaged parcel is supported by order/payment/tracking evidence.,Verify the record in the relevant system before approving any adjustment.,Returns & Quality,Standard,24
RR-044,Delivery & Logistics,Damaged parcel,No mandatory escalation condition is present for this case.,Resolve under standard authority limits; escalate if evidence conflicts.,Returns & Quality,Standard,24
RR-045,Delivery & Logistics,Damaged parcel,The applicable SOP for Damaged parcel is active and the case is within its scope.,Close only after the required action and customer-facing explanation are recorded.,Returns & Quality,Review,24
RR-046,Delivery & Logistics,Missing parcel,Complaint is classified as Missing parcel and required identifiers are present.,Route to Logistics; acknowledge the complaint and collect missing evidence.,Logistics,Standard,24
RR-047,Delivery & Logistics,Missing parcel,Missing parcel is confirmed and the customer passed required verification.,"Apply the relevant SOP, document the decision, and notify the customer.",Logistics,Standard,24
RR-048,Delivery & Logistics,Missing parcel,Missing parcel is supported by order/payment/tracking evidence.,Verify the record in the relevant system before approving any adjustment.,Logistics,Standard,24
RR-049,Delivery & Logistics,Missing parcel,No mandatory escalation condition is present for this case.,Resolve under standard authority limits; escalate if evidence conflicts.,Logistics,Standard,24
RR-050,Delivery & Logistics,Missing parcel,The applicable SOP for Missing parcel is active and the case is within its scope.,Close only after the required action and customer-facing explanation are recorded.,Logistics,Review,24
RR-051,Returns & Refunds,Return request,Complaint is classified as Return request and required identifiers are present.,Route to Returns & Quality; acknowledge the complaint and collect missing evidence.,Returns & Quality,Standard,24
RR-052,Returns & Refunds,Return request,Return request is confirmed and the customer passed required verification.,"Apply the relevant SOP, document the decision, and notify the customer.",Returns & Quality,Standard,24
RR-053,Returns & Refunds,Return request,Return request is supported by order/payment/tracking evidence.,Verify the record in the relevant system before approving any adjustment.,Returns & Quality,Standard,24
RR-054,Returns & Refunds,Return request,No mandatory escalation condition is present for this case.,Resolve under standard authority limits; escalate if evidence conflicts.,Returns & Quality,Standard,24
RR-055,Returns & Refunds,Return request,The applicable SOP for Return request is active and the case is within its scope.,Close only after the required action and customer-facing explanation are recorded.,Returns & Quality,Review,24
RR-056,Returns & Refunds,Refund delayed,Complaint is classified as Refund delayed and required identifiers are present.,Route to Payments & Finance; acknowledge the complaint and collect missing evidence.,Payments & Finance,Standard,24
RR-057,Returns & Refunds,Refund delayed,Refund delayed is confirmed and the customer passed required verification.,"Apply the relevant SOP, document the decision, and notify the customer.",Payments & Finance,Standard,24
RR-058,Returns & Refunds,Refund delayed,Refund delayed is supported by order/payment/tracking evidence.,Verify the record in the relevant system before approving any adjustment.,Payments & Finance,Standard,24
RR-059,Returns & Refunds,Refund delayed,No mandatory escalation condition is present for this case.,Resolve under standard authority limits; escalate if evidence conflicts.,Payments & Finance,Standard,24
RR-060,Returns & Refunds,Refund delayed,The applicable SOP for Refund delayed is active and the case is within its scope.,Close only after the required action and customer-facing explanation are recorded.,Payments & Finance,Review,24
RR-061,Returns & Refunds,Wrong refund amount,Complaint is classified as Wrong refund amount and required identifiers are present.,Route to Payments & Finance; acknowledge the complaint and collect missing evidence.,Payments & Finance,Standard,24
RR-062,Returns & Refunds,Wrong refund amount,Wrong refund amount is confirmed and the customer passed required verification.,"Apply the relevant SOP, document the decision, and notify the customer.",Payments & Finance,Standard,24
RR-063,Returns & Refunds,Wrong refund amount,Wrong refund amount is supported by order/payment/tracking evidence.,Verify the record in the relevant system before approving any adjustment.,Payments & Finance,Standard,24
RR-064,Returns & Refunds,Wrong refund amount,No mandatory escalation condition is present for this case.,Resolve under standard authority limits; escalate if evidence conflicts.,Payments & Finance,Standard,24
RR-065,Returns & Refunds,Wrong refund amount,The applicable SOP for Wrong refund amount is active and the case is within its scope.,Close only after the required action and customer-facing explanation are recorded.,Payments & Finance,Review,24
RR-066,Account & Security,Password/login issue,Complaint is classified as Password/login issue and required identifiers are present.,Route to Account Security; acknowledge the complaint and collect missing evidence.,Account Security,Standard,24
RR-067,Account & Security,Password/login issue,Password/login issue is confirmed and the customer passed required verification.,"Apply the relevant SOP, document the decision, and notify the customer.",Account Security,Standard,24
RR-068,Account & Security,Password/login issue,Password/login issue is supported by order/payment/tracking evidence.,Verify the record in the relevant system before approving any adjustment.,Account Security,Standard,24
RR-069,Account & Security,Password/login issue,No mandatory escalation condition is present for this case.,Resolve under standard authority limits; escalate if evidence conflicts.,Account Security,Standard,24
RR-070,Account & Security,Password/login issue,The applicable SOP for Password/login issue is active and the case is within its scope.,Close only after the required action and customer-facing explanation are recorded.,Account Security,Review,24
RR-071,Account & Security,Account takeover concern,Complaint is classified as Account takeover concern and required identifiers are present.,Route to Account Security; acknowledge the complaint and collect missing evidence.,Account Security,Standard,24
RR-072,Account & Security,Account takeover concern,Account takeover concern is confirmed and the customer passed required verification.,"Apply the relevant SOP, document the decision, and notify the customer.",Account Security,Standard,24
RR-073,Account & Security,Account takeover concern,Account takeover concern is supported by order/payment/tracking evidence.,Verify the record in the relevant system before approving any adjustment.,Account Security,Standard,24
RR-074,Account & Security,Account takeover concern,No mandatory escalation condition is present for this case.,Resolve under standard authority limits; escalate if evidence conflicts.,Account Security,Standard,24
RR-075,Account & Security,Account takeover concern,The applicable SOP for Account takeover concern is active and the case is within its scope.,Close only after the required action and customer-facing explanation are recorded.,Account Security,Review,24
RR-076,Product Quality,Defective product,Complaint is classified as Defective product and required identifiers are present.,Route to Returns & Quality; acknowledge the complaint and collect missing evidence.,Returns & Quality,Standard,24
RR-077,Product Quality,Defective product,Defective product is confirmed and the customer passed required verification.,"Apply the relevant SOP, document the decision, and notify the customer.",Returns & Quality,Standard,24
RR-078,Product Quality,Defective product,Defective product is supported by order/payment/tracking evidence.,Verify the record in the relevant system before approving any adjustment.,Returns & Quality,Standard,24
RR-079,Product Quality,Defective product,No mandatory escalation condition is present for this case.,Resolve under standard authority limits; escalate if evidence conflicts.,Returns & Quality,Standard,24
RR-080,Product Quality,Defective product,The applicable SOP for Defective product is active and the case is within its scope.,Close only after the required action and customer-facing explanation are recorded.,Returns & Quality,Review,24
RR-081,Product Quality,Wrong item received,Complaint is classified as Wrong item received and required identifiers are present.,Route to Returns & Quality; acknowledge the complaint and collect missing evidence.,Returns & Quality,Standard,24
RR-082,Product Quality,Wrong item received,Wrong item received is confirmed and the customer passed required verification.,"Apply the relevant SOP, document the decision, and notify the customer.",Returns & Quality,Standard,24
RR-083,Product Quality,Wrong item received,Wrong item received is supported by order/payment/tracking evidence.,Verify the record in the relevant system before approving any adjustment.,Returns & Quality,Standard,24
RR-084,Product Quality,Wrong item received,No mandatory escalation condition is present for this case.,Resolve under standard authority limits; escalate if evidence conflicts.,Returns & Quality,Standard,24
RR-085,Product Quality,Wrong item received,The applicable SOP for Wrong item received is active and the case is within its scope.,Close only after the required action and customer-facing explanation are recorded.,Returns & Quality,Review,24
RR-086,Promotions & Pricing,Promotion not applied,Complaint is classified as Promotion not applied and required identifiers are present.,Route to Payments & Finance; acknowledge the complaint and collect missing evidence.,Payments & Finance,Standard,24
RR-087,Promotions & Pricing,Promotion not applied,Promotion not applied is confirmed and the customer passed required verification.,"Apply the relevant SOP, document the decision, and notify the customer.",Payments & Finance,Standard,24
RR-088,Promotions & Pricing,Promotion not applied,Promotion not applied is supported by order/payment/tracking evidence.,Verify the record in the relevant system before approving any adjustment.,Payments & Finance,Standard,24
RR-089,Promotions & Pricing,Promotion not applied,No mandatory escalation condition is present for this case.,Resolve under standard authority limits; escalate if evidence conflicts.,Payments & Finance,Standard,24
RR-090,Promotions & Pricing,Promotion not applied,The applicable SOP for Promotion not applied is active and the case is within its scope.,Close only after the required action and customer-facing explanation are recorded.,Payments & Finance,Review,24
RR-091,Technical Support,Website/app error,Complaint is classified as Website/app error and required identifiers are present.,Route to Technical Support; acknowledge the complaint and collect missing evidence.,Technical Support,Standard,24
RR-092,Technical Support,Website/app error,Website/app error is confirmed and the customer passed required verification.,"Apply the relevant SOP, document the decision, and notify the customer.",Technical Support,Standard,24
RR-093,Technical Support,Website/app error,Website/app error is supported by order/payment/tracking evidence.,Verify the record in the relevant system before approving any adjustment.,Technical Support,Standard,24
RR-094,Technical Support,Website/app error,No mandatory escalation condition is present for this case.,Resolve under standard authority limits; escalate if evidence conflicts.,Technical Support,Standard,24
RR-095,Technical Support,Website/app error,The applicable SOP for Website/app error is active and the case is within its scope.,Close only after the required action and customer-facing explanation are recorded.,Technical Support,Review,24
RR-096,Customer Service,Agent/service complaint,Complaint is classified as Agent/service complaint and required identifiers are present.,Route to Customer Support; acknowledge the complaint and collect missing evidence.,Customer Support,Standard,24
RR-097,Customer Service,Agent/service complaint,Agent/service complaint is confirmed and the customer passed required verification.,"Apply the relevant SOP, document the decision, and notify the customer.",Customer Support,Standard,24
RR-098,Customer Service,Agent/service complaint,Agent/service complaint is supported by order/payment/tracking evidence.,Verify the record in the relevant system before approving any adjustment.,Customer Support,Standard,24
RR-099,Customer Service,Agent/service complaint,No mandatory escalation condition is present for this case.,Resolve under standard authority limits; escalate if evidence conflicts.,Customer Support,Standard,24
RR-100,Customer Service,Agent/service complaint,The applicable SOP for Agent/service complaint is active and the case is within its scope.,Close only after the required action and customer-facing explanation are recorded.,Customer Support,Review,24
RR-101,Privacy & Data,Privacy/data request,Complaint is classified as Privacy/data request and required identifiers are present.,Route to Privacy & Compliance; acknowledge the complaint and collect missing evidence.,Privacy & Compliance,Standard,8
RR-102,Privacy & Data,Privacy/data request,Privacy/data request is confirmed and the customer passed required verification.,"Apply the relevant SOP, document the decision, and notify the customer.",Privacy & Compliance,Standard,8
RR-103,Privacy & Data,Privacy/data request,Privacy/data request is supported by order/payment/tracking evidence.,Verify the record in the relevant system before approving any adjustment.,Privacy & Compliance,Standard,8
RR-104,Privacy & Data,Privacy/data request,No mandatory escalation condition is present for this case.,Resolve under standard authority limits; escalate if evidence conflicts.,Privacy & Compliance,Standard,8
RR-105,Privacy & Data,Privacy/data request,The applicable SOP for Privacy/data request is active and the case is within its scope.,Close only after the required action and customer-facing explanation are recorded.,Privacy & Compliance,Review,8
RR-106,Privacy & Data,Data/security incident,Complaint is classified as Data/security incident and required identifiers are present.,Route to Privacy & Compliance; acknowledge the complaint and collect missing evidence.,Privacy & Compliance,Standard,8
RR-107,Privacy & Data,Data/security incident,Data/security incident is confirmed and the customer passed required verification.,"Apply the relevant SOP, document the decision, and notify the customer.",Privacy & Compliance,Standard,8
RR-108,Privacy & Data,Data/security incident,Data/security incident is supported by order/payment/tracking evidence.,Verify the record in the relevant system before approving any adjustment.,Privacy & Compliance,Standard,8
RR-109,Privacy & Data,Data/security incident,No mandatory escalation condition is present for this case.,Resolve under standard authority limits; escalate if evidence conflicts.,Privacy & Compliance,Standard,8
RR-110,Privacy & Data,Data/security incident,The applicable SOP for Data/security incident is active and the case is within its scope.,Close only after the required action and customer-facing explanation are recorded.,Privacy & Compliance,Review,8
